stockCode,stockName,stockInfo,stockDate,stockIndex,stockK,stockD,amount
----------,----------,----------,----------,----------,----------,----------,----------
00712,FH富時不動產,,2018-01-30,17.75,4.30512,7.85397,,https://tw.stock.yahoo.com/q/ta?s=00712&tech_submit=%ACd+%B8%DF
00712,FH富時不動產,,2018-01-29,18.15,6.45768,9.6284,
00712,FH富時不動產,,2018-01-26,18.31,9.68652,11.2138,-13000.0
00712,FH富時不動產,,2018-01-25,18.43,14.5298,11.9774,-14000.0
00712,FH富時不動產,,2018-01-24,18.47,13.4613,10.7012,-58000.0
00712,FH富時不動產,,2018-01-23,18.43,9.40769,9.32112,-14000.0
00712,FH富時不動產,,2018-01-22,18.41,7.24878,9.27784,20000.0
00712,FH富時不動產,,2018-01-19,18.36,5.97122,10.2924,67000.0
00712,FH富時不動產,,2018-01-18,18.65,8.95682,12.4529,-49952000.0
00712,FH富時不動產,,2018-01-17,18.66,13.4352,14.201,-22000.0
00712,FH富時不動產,,2018-01-16,18.78,20.1529,14.5839,12000.0
00712,FH富時不動產,,2018-01-15,18.73,10.2293,11.7994,-16000.0
00712,FH富時不動產,,2018-01-12,18.87,14.0281,12.5845,
00712,FH富時不動產,,2018-01-11,18.75,9.13743,11.8627,
00712,FH富時不動產,,2018-01-30(LOWEST),17.75,4.30512,7.85397
00712,FH富時不動產,,2017-08-22 上市

00717,富邦美國特別股,,2018-01-30,19.13,9.26624,10.4521,,https://tw.stock.yahoo.com/q/ta?s=00717&tech_submit=%ACd+%B8%DF
00717,富邦美國特別股,,2018-01-29,19.08,5.56603,11.0451,178000.0
00717,富邦美國特別股,,2018-01-26,19.06,6.07632,13.7846,-1028000.0
00717,富邦美國特別股,,2018-01-25,19.12,9.11448,17.6387,-174000.0
00717,富邦美國特別股,,2018-01-24,19.17,13.6717,21.9008,114000.0
00717,富邦美國特別股,,2018-01-23,19.17,15.8564,26.0154,-142000.0
00717,富邦美國特別股,,2018-01-22,19.13,19.1334,31.0949,1648000.0
00717,富邦美國特別股,,2018-01-19,19.36,28.7002,37.0756,-736000.0
00717,富邦美國特別股,,2018-01-18,19.48,43.0503,41.2633,328000.0
00717,富邦美國特別股,,2018-01-17,19.5,50.939,40.3699,46000.0
00717,富邦美國特別股,,2018-01-16,19.52,51.4085,35.0853,4000.0
00717,富邦美國特別股,,2018-01-15,19.52,43.7795,26.9237,28000.0
00717,富邦美國特別股,,2018-01-12,19.56,32.3359,18.4957,
00717,富邦美國特別股,,2018-01-11,19.53,18.5038,11.5757,
00717,富邦美國特別股,,2018-01-26(LOWEST),19.06,6.07632,13.7846
00717,富邦美國特別股,,2017-11-29 上市

1468,昶和,成衣布90.04%、其他9.96% (2016年),2018-01-30,10.1,5.99775,12.9382,,https://tw.stock.yahoo.com/q/ta?s=1468&tech_submit=%ACd+%B8%DF
1468,昶和,成衣布90.04%、其他9.96% (2016年),2018-01-29,10.15,8.99663,16.4084,
1468,昶和,成衣布90.04%、其他9.96% (2016年),2018-01-26,10.1,10.7172,20.1143,2000.0
1468,昶和,成衣布90.04%、其他9.96% (2016年),2018-01-25,10.2,16.0758,24.8129,2000.0
1468,昶和,成衣布90.04%、其他9.96% (2016年),2018-01-24,10.15,18.5581,29.1815,2000.0
1468,昶和,成衣布90.04%、其他9.96% (2016年),2018-01-23,10.25,25.0593,34.4932,7000.0
1468,昶和,成衣布90.04%、其他9.96% (2016年),2018-01-22,10.15,29.2557,39.2102,
1468,昶和,成衣布90.04%、其他9.96% (2016年),2018-01-19,10.25,41.1058,44.1874,
1468,昶和,成衣布90.04%、其他9.96% (2016年),2018-01-18,10.4,53.3253,45.7282,-1000.0
1468,昶和,成衣布90.04%、其他9.96% (2016年),2018-01-17,11.0,63.3213,41.9297,23000.0
1468,昶和,成衣布90.04%、其他9.96% (2016年),2018-01-16,10.3,44.9819,31.2339,8000.0
1468,昶和,成衣布90.04%、其他9.96% (2016年),2018-01-15,10.1,17.4729,24.3598,
1468,昶和,成衣布90.04%、其他9.96% (2016年),2018-01-12,10.2,26.2093,27.8033,
1468,昶和,成衣布90.04%、其他9.96% (2016年),2018-01-11,10.2,26.814,28.6003,
1468,昶和,成衣布90.04%、其他9.96% (2016年),2012-11-21(LOWEST),8.99,9.96088,16.4863
1468,昶和,成衣布90.04%、其他9.96% (2016年),1999-01-21 上市

1760,寶齡,里程金18.05%、權利金18.05%、藥品-液劑類17.50%、化工-其他10.61%、藥品-軟膏類8.87%、化工液劑類7.54%、藥品-錠劑類7.26%、化工軟膏類3.34%、藥品-膠囊類2.61%、食品其他類2.12%、藥品-其他2.05%、食品膠囊類0.91%、食品,2018-01-30,55.5,0.0,0.0,,https://tw.stock.yahoo.com/q/ta?s=1760&tech_submit=%ACd+%B8%DF
1760,寶齡,里程金18.05%、權利金18.05%、藥品-液劑類17.50%、化工-其他10.61%、藥品-軟膏類8.87%、化工液劑類7.54%、藥品-錠劑類7.26%、化工軟膏類3.34%、藥品-膠囊類2.61%、食品其他類2.12%、藥品-其他2.05%、食品膠囊類0.91%、食品,2018-01-29,57.0,0.0,0.0,
1760,寶齡,里程金18.05%、權利金18.05%、藥品-液劑類17.50%、化工-其他10.61%、藥品-軟膏類8.87%、化工液劑類7.54%、藥品-錠劑類7.26%、化工軟膏類3.34%、藥品-膠囊類2.61%、食品其他類2.12%、藥品-其他2.05%、食品膠囊類0.91%、食品,2018-01-26,58.1,0.0,0.0,-3046.0
1760,寶齡,里程金18.05%、權利金18.05%、藥品-液劑類17.50%、化工-其他10.61%、藥品-軟膏類8.87%、化工液劑類7.54%、藥品-錠劑類7.26%、化工軟膏類3.34%、藥品-膠囊類2.61%、食品其他類2.12%、藥品-其他2.05%、食品膠囊類0.91%、食品,2018-01-25,59.6,0.0,0.0,-10712.0
1760,寶齡,里程金18.05%、權利金18.05%、藥品-液劑類17.50%、化工-其他10.61%、藥品-軟膏類8.87%、化工液劑類7.54%、藥品-錠劑類7.26%、化工軟膏類3.34%、藥品-膠囊類2.61%、食品其他類2.12%、藥品-其他2.05%、食品膠囊類0.91%、食品,2018-01-24,59.6,0.0,0.0,
1760,寶齡,里程金18.05%、權利金18.05%、藥品-液劑類17.50%、化工-其他10.61%、藥品-軟膏類8.87%、化工液劑類7.54%、藥品-錠劑類7.26%、化工軟膏類3.34%、藥品-膠囊類2.61%、食品其他類2.12%、藥品-其他2.05%、食品膠囊類0.91%、食品,2018-01-23,60.5,0.0,0.0,-36000.0
1760,寶齡,里程金18.05%、權利金18.05%、藥品-液劑類17.50%、化工-其他10.61%、藥品-軟膏類8.87%、化工液劑類7.54%、藥品-錠劑類7.26%、化工軟膏類3.34%、藥品-膠囊類2.61%、食品其他類2.12%、藥品-其他2.05%、食品膠囊類0.91%、食品,2018-01-30(LOWEST),55.5,0.0,0.0
1760,寶齡,里程金18.05%、權利金18.05%、藥品-液劑類17.50%、化工-其他10.61%、藥品-軟膏類8.87%、化工液劑類7.54%、藥品-錠劑類7.26%、化工軟膏類3.34%、藥品-膠囊類2.61%、食品其他類2.12%、藥品-其他2.05%、食品膠囊類0.91%、食品,2018-01-23 上市

1789,神隆,原料藥95.28%、技術服務4.72% (2016年),2018-01-30,34.85,11.1343,14.499,,https://tw.stock.yahoo.com/q/ta?s=1789&tech_submit=%ACd+%B8%DF
1789,神隆,原料藥95.28%、技術服務4.72% (2016年),2018-01-29,35.1,16.7015,16.1814,20000.0
1789,神隆,原料藥95.28%、技術服務4.72% (2016年),2018-01-26,35.2,13.5137,15.9214,137000.0
1789,神隆,原料藥95.28%、技術服務4.72% (2016年),2018-01-25,35.15,8.90694,17.1252,253000.0
1789,神隆,原料藥95.28%、技術服務4.72% (2016年),2018-01-24,34.95,7.64612,21.2343,31000.0
1789,神隆,原料藥95.28%、技術服務4.72% (2016年),2018-01-23,35.2,11.4692,28.0284,112360.0
1789,神隆,原料藥95.28%、技術服務4.72% (2016年),2018-01-22,35.2,17.2038,36.3081,-18000.0
1789,神隆,原料藥95.28%、技術服務4.72% (2016年),2018-01-19,35.45,25.8056,45.8602,-160000.0
1789,神隆,原料藥95.28%、技術服務4.72% (2016年),2018-01-18,35.5,36.7854,55.8875,-62000.0
1789,神隆,原料藥95.28%、技術服務4.72% (2016年),2018-01-17,35.6,51.3319,65.4385,212339.0
1789,神隆,原料藥95.28%、技術服務4.72% (2016年),2018-01-16,36.05,69.3056,72.4918,-71000.0
1789,神隆,原料藥95.28%、技術服務4.72% (2016年),2018-01-15,36.7,78.9584,74.0849,-164061.0
1789,神隆,原料藥95.28%、技術服務4.72% (2016年),2018-01-12,35.7,68.4376,71.6481,
1789,神隆,原料藥95.28%、技術服務4.72% (2016年),2018-01-11,35.7,69.3231,73.2534,
1789,神隆,原料藥95.28%、技術服務4.72% (2016年),2015-08-06(LOWEST),31.4,6.68772,11.2224
1789,神隆,原料藥95.28%、技術服務4.72% (2016年),2011-09-29 上市

2243,宏旭-KY,模具99.84%、其他0.16% (2016年),2018-01-30,39.2,2.20338,1.75793,,https://tw.stock.yahoo.com/q/ta?s=2243&tech_submit=%ACd+%B8%DF
2243,宏旭-KY,模具99.84%、其他0.16% (2016年),2018-01-29,39.0,0.447926,1.5352,
2243,宏旭-KY,模具99.84%、其他0.16% (2016年),2018-01-26,39.15,0.67189,2.07884,
2243,宏旭-KY,模具99.84%、其他0.16% (2016年),2018-01-25,39.6,1.00783,2.78232,2000.0
2243,宏旭-KY,模具99.84%、其他0.16% (2016年),2018-01-24,39.6,1.51175,3.66956,1000.0
2243,宏旭-KY,模具99.84%、其他0.16% (2016年),2018-01-23,39.75,2.26763,4.74847,3000.0
2243,宏旭-KY,模具99.84%、其他0.16% (2016年),2018-01-22,39.65,2.34881,5.98889,
2243,宏旭-KY,模具99.84%、其他0.16% (2016年),2018-01-19,41.35,3.52322,7.80892,
2243,宏旭-KY,模具99.84%、其他0.16% (2016年),2018-01-18,42.5,5.28482,9.95178,-3000.0
2243,宏旭-KY,模具99.84%、其他0.16% (2016年),2018-01-17,42.45,6.67723,12.2853,7000.0
2243,宏旭-KY,模具99.84%、其他0.16% (2016年),2018-01-16,42.7,10.0159,15.0893,2000.0
2243,宏旭-KY,模具99.84%、其他0.16% (2016年),2018-01-15,42.9,15.0238,17.626,-6000.0
2243,宏旭-KY,模具99.84%、其他0.16% (2016年),2018-01-12,43.45,22.5357,18.9271,
2243,宏旭-KY,模具99.84%、其他0.16% (2016年),2018-01-11,44.4,25.739,17.1228,
2243,宏旭-KY,模具99.84%、其他0.16% (2016年),2017-09-27(LOWEST),35.15,0.0,0.0
2243,宏旭-KY,模具99.84%、其他0.16% (2016年),2017-09-27 上市

2634,漢翔,飛機及航空器維修類60.26%、引擎類38.10%、工業技術服務類1.64% (2016年),2018-01-30,35.35,5.58836,10.2246,-90000.0,https://tw.stock.yahoo.com/q/ta?s=2634&tech_submit=%ACd+%B8%DF
2634,漢翔,飛機及航空器維修類60.26%、引擎類38.10%、工業技術服務類1.64% (2016年),2018-01-29,35.55,8.38254,12.5427,-222000.0
2634,漢翔,飛機及航空器維修類60.26%、引擎類38.10%、工業技術服務類1.64% (2016年),2018-01-26,35.8,12.5738,14.6228,-92000.0
2634,漢翔,飛機及航空器維修類60.26%、引擎類38.10%、工業技術服務類1.64% (2016年),2018-01-25,35.85,15.2893,15.6473,-218000.0
2634,漢翔,飛機及航空器維修類60.26%、引擎類38.10%、工業技術服務類1.64% (2016年),2018-01-24,35.95,15.7911,15.8264,-388480.0
2634,漢翔,飛機及航空器維修類60.26%、引擎類38.10%、工業技術服務類1.64% (2016年),2018-01-23,35.75,9.40092,15.844,-168000.0
2634,漢翔,飛機及航空器維修類60.26%、引擎類38.10%、工業技術服務類1.64% (2016年),2018-01-22,35.9,14.1014,19.0655,-95000.0
2634,漢翔,飛機及航空器維修類60.26%、引擎類38.10%、工業技術服務類1.64% (2016年),2018-01-19,35.8,16.8042,21.5476,-408000.0
2634,漢翔,飛機及航空器維修類60.26%、引擎類38.10%、工業技術服務類1.64% (2016年),2018-01-18,36.2,25.2064,23.9193,-286000.0
2634,漢翔,飛機及航空器維修類60.26%、引擎類38.10%、工業技術服務類1.64% (2016年),2018-01-17,36.45,22.5921,23.2758,246231.0
2634,漢翔,飛機及航空器維修類60.26%、引擎類38.10%、工業技術服務類1.64% (2016年),2018-01-16,35.9,10.8113,23.6176,-325000.0
2634,漢翔,飛機及航空器維修類60.26%、引擎類38.10%、工業技術服務類1.64% (2016年),2018-01-15,35.85,14.2938,30.0208,-1051296.0
2634,漢翔,飛機及航空器維修類60.26%、引擎類38.10%、工業技術服務類1.64% (2016年),2018-01-12,36.35,21.4408,37.8843,
2634,漢翔,飛機及航空器維修類60.26%、引擎類38.10%、工業技術服務類1.64% (2016年),2018-01-11,36.6,32.1612,46.106,
2634,漢翔,飛機及航空器維修類60.26%、引擎類38.10%、工業技術服務類1.64% (2016年),2014-08-25(LOWEST),30.0,0.0,0.0
2634,漢翔,飛機及航空器維修類60.26%、引擎類38.10%、工業技術服務類1.64% (2016年),2014-08-25 上市

2722,夏都,客房73.01%、餐飲收入24.72%、其他2.26% (2016年),2018-01-30,35.0,11.6625,13.8269,,https://tw.stock.yahoo.com/q/ta?s=2722&tech_submit=%ACd+%B8%DF
2722,夏都,客房73.01%、餐飲收入24.72%、其他2.26% (2016年),2018-01-29,34.95,11.2437,14.9091,
2722,夏都,客房73.01%、餐飲收入24.72%、其他2.26% (2016年),2018-01-25,34.95,13.7405,16.7418,0.0
2722,夏都,客房73.01%、餐飲收入24.72%、其他2.26% (2016年),2018-01-24,34.95,14.7284,18.2425,1000.0
2722,夏都,客房73.01%、餐飲收入24.72%、其他2.26% (2016年),2018-01-23,35.0,16.2102,19.9996,3000.0
2722,夏都,客房73.01%、餐飲收入24.72%、其他2.26% (2016年),2018-01-22,34.95,15.4918,21.8943,
2722,夏都,客房73.01%、餐飲收入24.72%、其他2.26% (2016年),2018-01-19,34.9,17.3553,25.0955,
2722,夏都,客房73.01%、餐飲收入24.72%、其他2.26% (2016年),2018-01-18,35.0,23.0917,28.9656,-1000.0
2722,夏都,客房73.01%、餐飲收入24.72%、其他2.26% (2016年),2018-01-17,35.7,30.3519,31.9026,14000.0
2722,夏都,客房73.01%、餐飲收入24.72%、其他2.26% (2016年),2018-01-16,35.0,21.2422,32.6779,3000.0
2722,夏都,客房73.01%、餐飲收入24.72%、其他2.26% (2016年),2018-01-15,34.85,27.5775,38.3958,
2722,夏都,客房73.01%、餐飲收入24.72%、其他2.26% (2016年),2018-01-10,35.0,35.1163,43.8049,
2722,夏都,客房73.01%、餐飲收入24.72%、其他2.26% (2016年),2018-01-05,35.05,42.6744,48.1493,
2722,夏都,客房73.01%、餐飲收入24.72%、其他2.26% (2016年),2018-01-03,35.1,52.7616,50.8867,
2722,夏都,客房73.01%、餐飲收入24.72%、其他2.26% (2016年),2017-08-08(LOWEST),31.6,0.761649,3.56599
2722,夏都,客房73.01%、餐飲收入24.72%、其他2.26% (2016年),2012-03-14 上市

2867,三商壽,個人壽險保費76.92%、利息收入15.03%、分離帳戶保險商品收益5.19%、處分投資收益3.73%、金融資產評價損益2.58%、手續費0.28%、投資性不動產損益0.28%、其他投資損益0.08%、再保佣金0.05%、其他營業0.03% (2016年),2018-01-30,16.15,15.3792,25.4613,,https://tw.stock.yahoo.com/q/ta?s=2867&tech_submit=%ACd+%B8%DF
2867,三商壽,個人壽險保費76.92%、利息收入15.03%、分離帳戶保險商品收益5.19%、處分投資收益3.73%、金融資產評價損益2.58%、手續費0.28%、投資性不動產損益0.28%、其他投資損益0.08%、再保佣金0.05%、其他營業0.03% (2016年),2018-01-29,16.15,15.926,30.5023,-29000.0
2867,三商壽,個人壽險保費76.92%、利息收入15.03%、分離帳戶保險商品收益5.19%、處分投資收益3.73%、金融資產評價損益2.58%、手續費0.28%、投資性不動產損益0.28%、其他投資損益0.08%、再保佣金0.05%、其他營業0.03% (2016年),2018-01-26,16.1,16.7461,37.7904,651770.0
2867,三商壽,個人壽險保費76.92%、利息收入15.03%、分離帳戶保險商品收益5.19%、處分投資收益3.73%、金融資產評價損益2.58%、手續費0.28%、投資性不動產損益0.28%、其他投資損益0.08%、再保佣金0.05%、其他營業0.03% (2016年),2018-01-25,16.15,25.1191,48.3125,137000.0
2867,三商壽,個人壽險保費76.92%、利息收入15.03%、分離帳戶保險商品收益5.19%、處分投資收益3.73%、金融資產評價損益2.58%、手續費0.28%、投資性不動產損益0.28%、其他投資損益0.08%、再保佣金0.05%、其他營業0.03% (2016年),2018-01-24,16.3,37.6787,59.9093,909000.0
2867,三商壽,個人壽險保費76.92%、利息收入15.03%、分離帳戶保險商品收益5.19%、處分投資收益3.73%、金融資產評價損益2.58%、手續費0.28%、投資性不動產損益0.28%、其他投資損益0.08%、再保佣金0.05%、其他營業0.03% (2016年),2018-01-23,16.35,56.518,71.0245,499000.0
2867,三商壽,個人壽險保費76.92%、利息收入15.03%、分離帳戶保險商品收益5.19%、處分投資收益3.73%、金融資產評價損益2.58%、手續費0.28%、投資性不動產損益0.28%、其他投資損益0.08%、再保佣金0.05%、其他營業0.03% (2016年),2018-01-22,16.35,68.1104,78.2778,54000.0
2867,三商壽,個人壽險保費76.92%、利息收入15.03%、分離帳戶保險商品收益5.19%、處分投資收益3.73%、金融資產評價損益2.58%、手續費0.28%、投資性不動產損益0.28%、其他投資損益0.08%、再保佣金0.05%、其他營業0.03% (2016年),2018-01-19,16.45,85.4989,83.3615,273000.0
2867,三商壽,個人壽險保費76.92%、利息收入15.03%、分離帳戶保險商品收益5.19%、處分投資收益3.73%、金融資產評價損益2.58%、手續費0.28%、投資性不動產損益0.28%、其他投資損益0.08%、再保佣金0.05%、其他營業0.03% (2016年),2018-01-18,16.4,78.2484,82.2927,88016.0
2867,三商壽,個人壽險保費76.92%、利息收入15.03%、分離帳戶保險商品收益5.19%、處分投資收益3.73%、金融資產評價損益2.58%、手續費0.28%、投資性不動產損益0.28%、其他投資損益0.08%、再保佣金0.05%、其他營業0.03% (2016年),2018-01-17,16.4,84.0393,84.3149,609000.0
2867,三商壽,個人壽險保費76.92%、利息收入15.03%、分離帳戶保險商品收益5.19%、處分投資收益3.73%、金融資產評價損益2.58%、手續費0.28%、投資性不動產損益0.28%、其他投資損益0.08%、再保佣金0.05%、其他營業0.03% (2016年),2018-01-16,16.45,92.7256,84.4527,143000.0
2867,三商壽,個人壽險保費76.92%、利息收入15.03%、分離帳戶保險商品收益5.19%、處分投資收益3.73%、金融資產評價損益2.58%、手續費0.28%、投資性不動產損益0.28%、其他投資損益0.08%、再保佣金0.05%、其他營業0.03% (2016年),2018-01-15,16.4,89.0884,80.3163,853212.0
2867,三商壽,個人壽險保費76.92%、利息收入15.03%、分離帳戶保險商品收益5.19%、處分投資收益3.73%、金融資產評價損益2.58%、手續費0.28%、投資性不動產損益0.28%、其他投資損益0.08%、再保佣金0.05%、其他營業0.03% (2016年),2018-01-12,16.4,83.6326,75.9302,
2867,三商壽,個人壽險保費76.92%、利息收入15.03%、分離帳戶保險商品收益5.19%、處分投資收益3.73%、金融資產評價損益2.58%、手續費0.28%、投資性不動產損益0.28%、其他投資損益0.08%、再保佣金0.05%、其他營業0.03% (2016年),2018-01-11,16.3,75.4489,72.079,
2867,三商壽,個人壽險保費76.92%、利息收入15.03%、分離帳戶保險商品收益5.19%、處分投資收益3.73%、金融資產評價損益2.58%、手續費0.28%、投資性不動產損益0.28%、其他投資損益0.08%、再保佣金0.05%、其他營業0.03% (2016年),2016-06-17(LOWEST),14.3,5.84561,18.0554
2867,三商壽,個人壽險保費76.92%、利息收入15.03%、分離帳戶保險商品收益5.19%、處分投資收益3.73%、金融資產評價損益2.58%、手續費0.28%、投資性不動產損益0.28%、其他投資損益0.08%、再保佣金0.05%、其他營業0.03% (2016年),2012-12-18 上市

2929,淘帝-KY,童裝100.00% (2016年),2018-01-30,107.5,11.3295,25.6665,,https://tw.stock.yahoo.com/q/ta?s=2929&tech_submit=%ACd+%B8%DF
2929,淘帝-KY,童裝100.00% (2016年),2018-01-29,109.0,16.9943,32.835,-30000.0
2929,淘帝-KY,童裝100.00% (2016年),2018-01-26,110.0,25.4914,40.7554,3000.0
2929,淘帝-KY,童裝100.00% (2016年),2018-01-25,110.0,38.2371,48.3874,4000.0
2929,淘帝-KY,童裝100.00% (2016年),2018-01-24,112.0,57.3556,53.4625,96000.0
2929,淘帝-KY,童裝100.00% (2016年),2018-01-23,111.5,52.7001,51.516,-89000.0
2929,淘帝-KY,童裝100.00% (2016年),2018-01-22,113.0,54.0502,50.9239,312000.0
2929,淘帝-KY,童裝100.00% (2016年),2018-01-19,110.5,31.0752,49.3608,111608.0
2929,淘帝-KY,童裝100.00% (2016年),2018-01-18,110.0,38.2795,58.5035,44000.0
2929,淘帝-KY,童裝100.00% (2016年),2018-01-17,111.0,57.4193,68.6155,82746.0
2929,淘帝-KY,童裝100.00% (2016年),2018-01-16,111.0,69.4623,74.2137,-36000.0
2929,淘帝-KY,童裝100.00% (2016年),2018-01-15,111.5,79.1934,76.5894,-85000.0
2929,淘帝-KY,童裝100.00% (2016年),2018-01-12,112.5,87.5401,75.2874,
2929,淘帝-KY,童裝100.00% (2016年),2018-01-11,113.0,85.8556,69.161,
2929,淘帝-KY,童裝100.00% (2016年),2017-05-09(LOWEST),94.3,1.89707,4.98708
2929,淘帝-KY,童裝100.00% (2016年),2013-12-30 上市

3057,喬鼎,系統產品97.65%、控制卡1.41%、其他0.93% (2016年),2018-01-30,10.45,12.3535,13.2069,,https://tw.stock.yahoo.com/q/ta?s=3057&tech_submit=%ACd+%B8%DF
3057,喬鼎,系統產品97.65%、控制卡1.41%、其他0.93% (2016年),2018-01-29,10.4,9.43927,13.6336,-3000.0
3057,喬鼎,系統產品97.65%、控制卡1.41%、其他0.93% (2016年),2018-01-26,10.45,9.99224,15.7307,32000.0
3057,喬鼎,系統產品97.65%、控制卡1.41%、其他0.93% (2016年),2018-01-25,10.35,8.32169,18.5999,-20000.0
3057,喬鼎,系統產品97.65%、控制卡1.41%、其他0.93% (2016年),2018-01-24,10.45,12.4825,23.739,-1000.0
3057,喬鼎,系統產品97.65%、控制卡1.41%、其他0.93% (2016年),2018-01-23,10.5,18.7238,29.3673,-43000.0
3057,喬鼎,系統產品97.65%、控制卡1.41%、其他0.93% (2016年),2018-01-22,10.55,28.0857,34.689,-37000.0
3057,喬鼎,系統產品97.65%、控制卡1.41%、其他0.93% (2016年),2018-01-19,10.85,42.1286,37.9907,-5000.0
3057,喬鼎,系統產品97.65%、控制卡1.41%、其他0.93% (2016年),2018-01-18,10.9,44.4428,35.9217,-62000.0
3057,喬鼎,系統產品97.65%、控制卡1.41%、其他0.93% (2016年),2018-01-17,10.95,41.6643,31.6612,16000.0
3057,喬鼎,系統產品97.65%、控制卡1.41%、其他0.93% (2016年),2018-01-16,11.1,37.4964,26.6596,-1000.0
3057,喬鼎,系統產品97.65%、控制卡1.41%、其他0.93% (2016年),2018-01-15,10.8,16.2446,21.2413,-21000.0
3057,喬鼎,系統產品97.65%、控制卡1.41%、其他0.93% (2016年),2018-01-12,10.75,14.3669,23.7396,
3057,喬鼎,系統產品97.65%、控制卡1.41%、其他0.93% (2016年),2018-01-11,10.7,16.5503,28.426,
3057,喬鼎,系統產品97.65%、控制卡1.41%、其他0.93% (2016年),2008-11-20(LOWEST),9.84,1.67235,6.09917
3057,喬鼎,系統產品97.65%、控制卡1.41%、其他0.93% (2016年),2004-09-01 上市

3416,融程電,嵌入式系統模組73.94%、液晶顯示應用設備及模組21.03%、其他5.02% (2016年),2018-01-30,50.4,8.35047,19.0332,,https://tw.stock.yahoo.com/q/ta?s=3416&tech_submit=%ACd+%B8%DF
3416,融程電,嵌入式系統模組73.94%、液晶顯示應用設備及模組21.03%、其他5.02% (2016年),2018-01-29,50.6,12.5257,24.3746,-6000.0
3416,融程電,嵌入式系統模組73.94%、液晶顯示應用設備及模組21.03%、其他5.02% (2016年),2018-01-26,50.9,18.7886,30.299,-8000.0
3416,融程電,嵌入式系統模組73.94%、液晶顯示應用設備及模組21.03%、其他5.02% (2016年),2018-01-25,51.4,28.1829,36.0542,5000.0
3416,融程電,嵌入式系統模組73.94%、液晶顯示應用設備及模組21.03%、其他5.02% (2016年),2018-01-24,51.3,25.6076,39.9899,1000.0
3416,融程電,嵌入式系統模組73.94%、液晶顯示應用設備及模組21.03%、其他5.02% (2016年),2018-01-23,51.3,38.4114,47.181,2000.0
3416,融程電,嵌入式系統模組73.94%、液晶顯示應用設備及模組21.03%、其他5.02% (2016年),2018-01-22,51.5,45.1171,51.5658,1000.0
3416,融程電,嵌入式系統模組73.94%、液晶顯示應用設備及模組21.03%、其他5.02% (2016年),2018-01-19,51.3,37.6757,54.7902,-10000.0
3416,融程電,嵌入式系統模組73.94%、液晶顯示應用設備及模組21.03%、其他5.02% (2016年),2018-01-18,51.3,49.3707,63.3475,-4000.0
3416,融程電,嵌入式系統模組73.94%、液晶顯示應用設備及模組21.03%、其他5.02% (2016年),2018-01-17,51.6,66.9132,70.3358,7000.0
3416,融程電,嵌入式系統模組73.94%、液晶顯示應用設備及模組21.03%、其他5.02% (2016年),2018-01-16,51.6,67.0365,72.0472,-9000.0
3416,融程電,嵌入式系統模組73.94%、液晶顯示應用設備及模組21.03%、其他5.02% (2016年),2018-01-15,51.6,67.2214,74.5525,
3416,融程電,嵌入式系統模組73.94%、液晶顯示應用設備及模組21.03%、其他5.02% (2016年),2018-01-12,51.4,65.832,78.2181,
3416,融程電,嵌入式系統模組73.94%、液晶顯示應用設備及模組21.03%、其他5.02% (2016年),2018-01-11,51.2,73.7481,84.4111,
3416,融程電,嵌入式系統模組73.94%、液晶顯示應用設備及模組21.03%、其他5.02% (2016年),2016-07-27(LOWEST),46.1,16.4563,37.5527
3416,融程電,嵌入式系統模組73.94%、液晶顯示應用設備及模組21.03%、其他5.02% (2016年),2015-01-23 上市

4536,拓凱,運動休閒產品75.95%、航太醫療產品15.16%、原材料及其他8.89% (2016年),2018-01-30,89.2,12.1333,28.0956,,https://tw.stock.yahoo.com/q/ta?s=4536&tech_submit=%ACd+%B8%DF
4536,拓凱,運動休閒產品75.95%、航太醫療產品15.16%、原材料及其他8.89% (2016年),2018-01-29,89.6,18.1999,36.0768,-1000.0
4536,拓凱,運動休閒產品75.95%、航太醫療產品15.16%、原材料及其他8.89% (2016年),2018-01-26,89.7,25.8713,45.0152,-1000.0
4536,拓凱,運動休閒產品75.95%、航太醫療產品15.16%、原材料及其他8.89% (2016年),2018-01-25,89.5,35.9498,54.5872,-29000.0
4536,拓凱,運動休閒產品75.95%、航太醫療產品15.16%、原材料及其他8.89% (2016年),2018-01-24,90.1,53.9247,63.9059,2000.0
4536,拓凱,運動休閒產品75.95%、航太醫療產品15.16%、原材料及其他8.89% (2016年),2018-01-23,90.9,67.137,68.8965,1000.0
4536,拓凱,運動休閒產品75.95%、航太醫療產品15.16%、原材料及其他8.89% (2016年),2018-01-22,90.8,72.1341,69.7763,-1000.0
4536,拓凱,運動休閒產品75.95%、航太醫療產品15.16%、原材料及其他8.89% (2016年),2018-01-19,92.0,80.6501,68.5974,
4536,拓凱,運動休閒產品75.95%、航太醫療產品15.16%、原材料及其他8.89% (2016年),2018-01-18,92.6,81.1792,62.571,1000.0
4536,拓凱,運動休閒產品75.95%、航太醫療產品15.16%、原材料及其他8.89% (2016年),2018-01-17,93.0,75.8505,53.267,35000.0
4536,拓凱,運動休閒產品75.95%、航太醫療產品15.16%、原材料及其他8.89% (2016年),2018-01-16,91.8,63.7757,41.9752,2000.0
4536,拓凱,運動休閒產品75.95%、航太醫療產品15.16%、原材料及其他8.89% (2016年),2018-01-15,89.9,45.6635,31.075,
4536,拓凱,運動休閒產品75.95%、航太醫療產品15.16%、原材料及其他8.89% (2016年),2018-01-12,89.0,21.1269,23.7807,
4536,拓凱,運動休閒產品75.95%、航太醫療產品15.16%、原材料及其他8.89% (2016年),2018-01-11,88.1,9.19034,25.1076,
4536,拓凱,運動休閒產品75.95%、航太醫療產品15.16%、原材料及其他8.89% (2016年),2017-12-13(LOWEST),86.0,2.1122,4.67211
4536,拓凱,運動休閒產品75.95%、航太醫療產品15.16%、原材料及其他8.89% (2016年),2013-10-09 上市

4764,雙鍵,塑膠添加劑55.54%、光固化材料34.90%、其他9.56% (2016年),2018-01-30,68.5,12.4756,24.8351,,https://tw.stock.yahoo.com/q/ta?s=4764&tech_submit=%ACd+%B8%DF
4764,雙鍵,塑膠添加劑55.54%、光固化材料34.90%、其他9.56% (2016年),2018-01-29,69.8,18.7134,31.0148,20000.0
4764,雙鍵,塑膠添加劑55.54%、光固化材料34.90%、其他9.56% (2016年),2018-01-26,70.5,28.0701,37.1655,-3000.0
4764,雙鍵,塑膠添加劑55.54%、光固化材料34.90%、其他9.56% (2016年),2018-01-25,70.4,38.0235,41.7132,69000.0
4764,雙鍵,塑膠添加劑55.54%、光固化材料34.90%、其他9.56% (2016年),2018-01-24,70.6,40.8587,43.5581,
4764,雙鍵,塑膠添加劑55.54%、光固化材料34.90%、其他9.56% (2016年),2018-01-23,70.8,43.641,44.9078,37000.0
4764,雙鍵,塑膠添加劑55.54%、光固化材料34.90%、其他9.56% (2016年),2018-01-22,72.6,46.3439,45.5412,177000.0
4764,雙鍵,塑膠添加劑55.54%、光固化材料34.90%、其他9.56% (2016年),2018-01-19,71.8,41.3108,45.1399,310000.0
4764,雙鍵,塑膠添加劑55.54%、光固化材料34.90%、其他9.56% (2016年),2018-01-18,70.1,38.8892,47.0545,12000.0
4764,雙鍵,塑膠添加劑55.54%、光固化材料34.90%、其他9.56% (2016年),2018-01-17,71.6,48.9279,51.1371,48000.0
4764,雙鍵,塑膠添加劑55.54%、光固化材料34.90%、其他9.56% (2016年),2018-01-16,75.0,56.7251,52.2417,-4000.0
4764,雙鍵,塑膠添加劑55.54%、光固化材料34.90%、其他9.56% (2016年),2018-01-15,68.2,0.0,0.0,40000.0
4764,雙鍵,塑膠添加劑55.54%、光固化材料34.90%、其他9.56% (2016年),2018-01-12,70.8,0.0,0.0,
4764,雙鍵,塑膠添加劑55.54%、光固化材料34.90%、其他9.56% (2016年),2018-01-11,71.0,0.0,0.0,
4764,雙鍵,塑膠添加劑55.54%、光固化材料34.90%、其他9.56% (2016年),2018-01-04(LOWEST),67.0,0.0,0.0
4764,雙鍵,塑膠添加劑55.54%、光固化材料34.90%、其他9.56% (2016年),2018-01-04 上市

4927,泰鼎-KY,多層板83.99%、雙面板15.72%、其他0.29% (2016年),2018-01-30,20.4,9.22827,24.1701,,https://tw.stock.yahoo.com/q/ta?s=4927&tech_submit=%ACd+%B8%DF
4927,泰鼎-KY,多層板83.99%、雙面板15.72%、其他0.29% (2016年),2018-01-29,20.6,13.8424,31.641,200000.0
4927,泰鼎-KY,多層板83.99%、雙面板15.72%、其他0.29% (2016年),2018-01-26,20.7,20.7636,40.5403,61000.0
4927,泰鼎-KY,多層板83.99%、雙面板15.72%、其他0.29% (2016年),2018-01-25,21.35,31.1454,50.4286,108000.0
4927,泰鼎-KY,多層板83.99%、雙面板15.72%、其他0.29% (2016年),2018-01-24,21.8,46.7182,60.0703,22000.0
4927,泰鼎-KY,多層板83.99%、雙面板15.72%、其他0.29% (2016年),2018-01-23,21.6,53.4106,66.7463,129000.0
4927,泰鼎-KY,多層板83.99%、雙面板15.72%、其他0.29% (2016年),2018-01-22,21.8,70.1159,73.4141,-13000.0
4927,泰鼎-KY,多層板83.99%、雙面板15.72%、其他0.29% (2016年),2018-01-19,21.95,75.1738,75.0633,20000.0
4927,泰鼎-KY,多層板83.99%、雙面板15.72%、其他0.29% (2016年),2018-01-18,22.1,75.2607,75.008,128000.0
4927,泰鼎-KY,多層板83.99%、雙面板15.72%、其他0.29% (2016年),2018-01-17,22.2,75.3911,74.8817,86000.0
4927,泰鼎-KY,多層板83.99%、雙面板15.72%、其他0.29% (2016年),2018-01-16,22.1,71.42,74.6269,70000.0
4927,泰鼎-KY,多層板83.99%、雙面板15.72%、其他0.29% (2016年),2018-01-15,22.0,69.63,76.2304,-7000.0
4927,泰鼎-KY,多層板83.99%、雙面板15.72%、其他0.29% (2016年),2018-01-12,21.8,68.238,79.5306,
4927,泰鼎-KY,多層板83.99%、雙面板15.72%、其他0.29% (2016年),2018-01-11,21.45,73.0467,85.1769,
4927,泰鼎-KY,多層板83.99%、雙面板15.72%、其他0.29% (2016年),2017-12-08(LOWEST),18.5,8.51083,14.5856
4927,泰鼎-KY,多層板83.99%、雙面板15.72%、其他0.29% (2016年),2015-09-08 上市

5258,虹堡,電子金融交易終端機82.98%、電子式收銀機及週邊設備7.10%、其他6.50%、個人金融應用產品3.42% (2016年),2018-01-30,26.0,17.2453,26.8876,,https://tw.stock.yahoo.com/q/ta?s=5258&tech_submit=%ACd+%B8%DF
5258,虹堡,電子金融交易終端機82.98%、電子式收銀機及週邊設備7.10%、其他6.50%、個人金融應用產品3.42% (2016年),2018-01-29,25.55,12.2316,31.7088,9000.0
5258,虹堡,電子金融交易終端機82.98%、電子式收銀機及週邊設備7.10%、其他6.50%、個人金融應用產品3.42% (2016年),2018-01-26,26.0,18.3475,41.4473,8000.0
5258,虹堡,電子金融交易終端機82.98%、電子式收銀機及週邊設備7.10%、其他6.50%、個人金融應用產品3.42% (2016年),2018-01-25,26.2,27.5212,52.9973,1000.0
5258,虹堡,電子金融交易終端機82.98%、電子式收銀機及週邊設備7.10%、其他6.50%、個人金融應用產品3.42% (2016年),2018-01-24,26.55,41.2818,65.7353,4000.0
5258,虹堡,電子金融交易終端機82.98%、電子式收銀機及週邊設備7.10%、其他6.50%、個人金融應用產品3.42% (2016年),2018-01-23,26.5,55.2561,77.962,13000.0
5258,虹堡,電子金融交易終端機82.98%、電子式收銀機及週邊設備7.10%、其他6.50%、個人金融應用產品3.42% (2016年),2018-01-22,26.8,79.5507,89.315,3000.0
5258,虹堡,電子金融交易終端機82.98%、電子式收銀機及週邊設備7.10%、其他6.50%、個人金融應用產品3.42% (2016年),2018-01-19,27.2,95.9928,94.1971,
5258,虹堡,電子金融交易終端機82.98%、電子式收銀機及週邊設備7.10%、其他6.50%、個人金融應用產品3.42% (2016年),2018-01-18,27.05,93.9892,93.2993,-2000.0
5258,虹堡,電子金融交易終端機82.98%、電子式收銀機及週邊設備7.10%、其他6.50%、個人金融應用產品3.42% (2016年),2018-01-17,27.05,94.7337,92.9543,9000.0
5258,虹堡,電子金融交易終端機82.98%、電子式收銀機及週邊設備7.10%、其他6.50%、個人金融應用產品3.42% (2016年),2018-01-16,27.2,95.8506,92.0646,4000.0
5258,虹堡,電子金融交易終端機82.98%、電子式收銀機及週邊設備7.10%、其他6.50%、個人金融應用產品3.42% (2016年),2018-01-15,26.9,93.7759,90.1716,
5258,虹堡,電子金融交易終端機82.98%、電子式收銀機及週邊設備7.10%、其他6.50%、個人金融應用產品3.42% (2016年),2018-01-12,26.45,90.6639,88.3695,
5258,虹堡,電子金融交易終端機82.98%、電子式收銀機及週邊設備7.10%、其他6.50%、個人金融應用產品3.42% (2016年),2018-01-11,26.6,91.8782,87.2222,
5258,虹堡,電子金融交易終端機82.98%、電子式收銀機及週邊設備7.10%、其他6.50%、個人金融應用產品3.42% (2016年),2017-12-07(LOWEST),23.25,1.29692,1.50146
5258,虹堡,電子金融交易終端機82.98%、電子式收銀機及週邊設備7.10%、其他6.50%、個人金融應用產品3.42% (2016年),2016-12-30 上市

5284,jpp-KY,通訊類產品33.50%、其他22.57%、航空類產品20.57%、電子19.93%、醫療類產品3.43% (2016年),2018-01-30,64.8,25.9408,22.8481,,https://tw.stock.yahoo.com/q/ta?s=5284&tech_submit=%ACd+%B8%DF
5284,jpp-KY,通訊類產品33.50%、其他22.57%、航空類產品20.57%、電子19.93%、醫療類產品3.43% (2016年),2018-01-29,64.5,8.91113,21.3017,
5284,jpp-KY,通訊類產品33.50%、其他22.57%、航空類產品20.57%、電子19.93%、醫療類產品3.43% (2016年),2018-01-26,64.5,13.3667,27.497,-4000.0
5284,jpp-KY,通訊類產品33.50%、其他22.57%、航空類產品20.57%、電子19.93%、醫療類產品3.43% (2016年),2018-01-25,64.5,20.0501,34.5621,1000.0
5284,jpp-KY,通訊類產品33.50%、其他22.57%、航空類產品20.57%、電子19.93%、醫療類產品3.43% (2016年),2018-01-24,64.8,30.0751,41.8181,-1000.0
5284,jpp-KY,通訊類產品33.50%、其他22.57%、航空類產品20.57%、電子19.93%、醫療類產品3.43% (2016年),2018-01-23,64.5,28.4459,47.6896,-45000.0
5284,jpp-KY,通訊類產品33.50%、其他22.57%、航空類產品20.57%、電子19.93%、醫療類產品3.43% (2016年),2018-01-22,65.0,42.6689,57.3114,-27000.0
5284,jpp-KY,通訊類產品33.50%、其他22.57%、航空類產品20.57%、電子19.93%、醫療類產品3.43% (2016年),2018-01-19,64.7,42.5748,64.6327,1000.0
5284,jpp-KY,通訊類產品33.50%、其他22.57%、航空類產品20.57%、電子19.93%、醫療類產品3.43% (2016年),2018-01-18,64.9,63.8622,75.6616,-1000.0
5284,jpp-KY,通訊類產品33.50%、其他22.57%、航空類產品20.57%、電子19.93%、醫療類產品3.43% (2016年),2018-01-17,65.3,81.5076,81.5613,3000.0
5284,jpp-KY,通訊類產品33.50%、其他22.57%、航空類產品20.57%、電子19.93%、醫療類產品3.43% (2016年),2018-01-16,65.0,77.817,81.5882,3000.0
5284,jpp-KY,通訊類產品33.50%、其他22.57%、航空類產品20.57%、電子19.93%、醫療類產品3.43% (2016年),2018-01-15,65.3,88.9477,83.4738,4000.0
5284,jpp-KY,通訊類產品33.50%、其他22.57%、航空類產品20.57%、電子19.93%、醫療類產品3.43% (2016年),2018-01-12,65.4,88.9771,80.7369,
5284,jpp-KY,通訊類產品33.50%、其他22.57%、航空類產品20.57%、電子19.93%、醫療類產品3.43% (2016年),2018-01-11,65.0,83.4656,76.6168,
5284,jpp-KY,通訊類產品33.50%、其他22.57%、航空類產品20.57%、電子19.93%、醫療類產品3.43% (2016年),2017-04-18(LOWEST),59.0,17.7636,17.256
5284,jpp-KY,通訊類產品33.50%、其他22.57%、航空類產品20.57%、電子19.93%、醫療類產品3.43% (2016年),2017-03-09 上市

5519,隆大,建屋銷售64.23%、建築工程33.57%、租賃2.20% (2016年),2018-01-30,10.35,16.6139,26.0432,,https://tw.stock.yahoo.com/q/ta?s=5519&tech_submit=%ACd+%B8%DF
5519,隆大,建屋銷售64.23%、建築工程33.57%、租賃2.20% (2016年),2018-01-29,10.5,24.9208,30.7579,
5519,隆大,建屋銷售64.23%、建築工程33.57%、租賃2.20% (2016年),2018-01-26,10.6,37.3812,33.6765,
5519,隆大,建屋銷售64.23%、建築工程33.57%、租賃2.20% (2016年),2018-01-25,10.6,31.0719,31.8241,4000.0
5519,隆大,建屋銷售64.23%、建築工程33.57%、租賃2.20% (2016年),2018-01-24,10.55,21.6078,32.2002,3000.0
5519,隆大,建屋銷售64.23%、建築工程33.57%、租賃2.20% (2016年),2018-01-23,10.5,19.9117,37.4964,7000.0
5519,隆大,建屋銷售64.23%、建築工程33.57%、租賃2.20% (2016年),2018-01-22,10.5,29.8675,46.2888,
5519,隆大,建屋銷售64.23%、建築工程33.57%、租賃2.20% (2016年),2018-01-19,10.5,44.8013,54.4994,
5519,隆大,建屋銷售64.23%、建築工程33.57%、租賃2.20% (2016年),2018-01-18,10.7,67.2019,59.3485,-9000.0
5519,隆大,建屋銷售64.23%、建築工程33.57%、租賃2.20% (2016年),2018-01-17,10.65,50.8028,55.4218,26000.0
5519,隆大,建屋銷售64.23%、建築工程33.57%、租賃2.20% (2016年),2018-01-16,10.7,51.2043,57.7313,7000.0
5519,隆大,建屋銷售64.23%、建築工程33.57%、租賃2.20% (2016年),2018-01-15,10.6,43.4731,60.9948,
5519,隆大,建屋銷售64.23%、建築工程33.57%、租賃2.20% (2016年),2018-01-12,10.5,48.5429,69.7556,
5519,隆大,建屋銷售64.23%、建築工程33.57%、租賃2.20% (2016年),2018-01-11,10.65,72.8144,80.362,
5519,隆大,建屋銷售64.23%、建築工程33.57%、租賃2.20% (2016年),2016-11-14(LOWEST),10.0,7.6123,16.3973
5519,隆大,建屋銷售64.23%、建築工程33.57%、租賃2.20% (2016年),2014-02-10 上市

5706,鳳凰,歐洲線33.15%、大陸線16.32%、東北亞線12.03%、郵輪線10.69%、美洲線10.09%、亞洲線6.07%、紐澳線5.10%、其他3.62%、國民旅遊2.93% (2016年),2018-01-30,35.2,5.57387,16.9164,,https://tw.stock.yahoo.com/q/ta?s=5706&tech_submit=%ACd+%B8%DF
5706,鳳凰,歐洲線33.15%、大陸線16.32%、東北亞線12.03%、郵輪線10.69%、美洲線10.09%、亞洲線6.07%、紐澳線5.10%、其他3.62%、國民旅遊2.93% (2016年),2018-01-29,35.2,8.3608,22.5877,
5706,鳳凰,歐洲線33.15%、大陸線16.32%、東北亞線12.03%、郵輪線10.69%、美洲線10.09%、亞洲線6.07%、紐澳線5.10%、其他3.62%、國民旅遊2.93% (2016年),2018-01-26,35.25,12.5412,29.7011,
5706,鳳凰,歐洲線33.15%、大陸線16.32%、東北亞線12.03%、郵輪線10.69%、美洲線10.09%、亞洲線6.07%、紐澳線5.10%、其他3.62%、國民旅遊2.93% (2016年),2018-01-25,35.3,18.8118,38.2811,2000.0
5706,鳳凰,歐洲線33.15%、大陸線16.32%、東北亞線12.03%、郵輪線10.69%、美洲線10.09%、亞洲線6.07%、紐澳線5.10%、其他3.62%、國民旅遊2.93% (2016年),2018-01-24,35.4,28.2177,48.0158,6000.0
5706,鳳凰,歐洲線33.15%、大陸線16.32%、東北亞線12.03%、郵輪線10.69%、美洲線10.09%、亞洲線6.07%、紐澳線5.10%、其他3.62%、國民旅遊2.93% (2016年),2018-01-23,35.3,36.0765,57.9148,-13000.0
5706,鳳凰,歐洲線33.15%、大陸線16.32%、東北亞線12.03%、郵輪線10.69%、美洲線10.09%、亞洲線6.07%、紐澳線5.10%、其他3.62%、國民旅遊2.93% (2016年),2018-01-22,35.55,54.1148,68.8339,1000.0
5706,鳳凰,歐洲線33.15%、大陸線16.32%、東北亞線12.03%、郵輪線10.69%、美洲線10.09%、亞洲線6.07%、紐澳線5.10%、其他3.62%、國民旅遊2.93% (2016年),2018-01-19,35.7,65.5472,76.1935,
5706,鳳凰,歐洲線33.15%、大陸線16.32%、東北亞線12.03%、郵輪線10.69%、美洲線10.09%、亞洲線6.07%、紐澳線5.10%、其他3.62%、國民旅遊2.93% (2016年),2018-01-18,35.7,73.3208,81.5166,-3000.0
5706,鳳凰,歐洲線33.15%、大陸線16.32%、東北亞線12.03%、郵輪線10.69%、美洲線10.09%、亞洲線6.07%、紐澳線5.10%、其他3.62%、國民旅遊2.93% (2016年),2018-01-17,35.8,82.2034,85.6146,9000.0
5706,鳳凰,歐洲線33.15%、大陸線16.32%、東北亞線12.03%、郵輪線10.69%、美洲線10.09%、亞洲線6.07%、紐澳線5.10%、其他3.62%、國民旅遊2.93% (2016年),2018-01-16,35.8,86.3485,87.3202,2000.0
5706,鳳凰,歐洲線33.15%、大陸線16.32%、東北亞線12.03%、郵輪線10.69%、美洲線10.09%、亞洲線6.07%、紐澳線5.10%、其他3.62%、國民旅遊2.93% (2016年),2018-01-15,36.1,92.5663,87.806,13000.0
5706,鳳凰,歐洲線33.15%、大陸線16.32%、東北亞線12.03%、郵輪線10.69%、美洲線10.09%、亞洲線6.07%、紐澳線5.10%、其他3.62%、國民旅遊2.93% (2016年),2018-01-12,35.95,88.8495,85.4258,
5706,鳳凰,歐洲線33.15%、大陸線16.32%、東北亞線12.03%、郵輪線10.69%、美洲線10.09%、亞洲線6.07%、紐澳線5.10%、其他3.62%、國民旅遊2.93% (2016年),2018-01-11,35.4,83.2742,83.714,
5706,鳳凰,歐洲線33.15%、大陸線16.32%、東北亞線12.03%、郵輪線10.69%、美洲線10.09%、亞洲線6.07%、紐澳線5.10%、其他3.62%、國民旅遊2.93% (2016年),2017-10-31(LOWEST),33.85,32.5606,37.1653
5706,鳳凰,歐洲線33.15%、大陸線16.32%、東北亞線12.03%、郵輪線10.69%、美洲線10.09%、亞洲線6.07%、紐澳線5.10%、其他3.62%、國民旅遊2.93% (2016年),2011-10-21 上市

5907,大洋-KY,專櫃聯營53.12%、租金及其他26.85%、專櫃直營20.04% (2016年),2018-01-30,23.0,25.9572,28.4722,,https://tw.stock.yahoo.com/q/ta?s=5907&tech_submit=%ACd+%B8%DF
5907,大洋-KY,專櫃聯營53.12%、租金及其他26.85%、專櫃直營20.04% (2016年),2018-01-29,23.25,38.9358,29.7297,-1000.0
5907,大洋-KY,專櫃聯營53.12%、租金及其他26.85%、專櫃直營20.04% (2016年),2018-01-26,23.35,38.4038,25.1266,29000.0
5907,大洋-KY,專櫃聯營53.12%、租金及其他26.85%、專櫃直營20.04% (2016年),2018-01-25,23.3,17.6057,18.488,0.0
5907,大洋-KY,專櫃聯營53.12%、租金及其他26.85%、專櫃直營20.04% (2016年),2018-01-24,23.3,14.87,18.9291,27000.0
5907,大洋-KY,專櫃聯營53.12%、租金及其他26.85%、專櫃直營20.04% (2016年),2018-01-23,23.4,14.4103,20.9587,-61000.0
5907,大洋-KY,專櫃聯營53.12%、租金及其他26.85%、專櫃直營20.04% (2016年),2018-01-22,23.15,10.7459,24.2329,-8000.0
5907,大洋-KY,專櫃聯營53.12%、租金及其他26.85%、專櫃直營20.04% (2016年),2018-01-19,23.35,16.1189,30.9764,35000.0
5907,大洋-KY,專櫃聯營53.12%、租金及其他26.85%、專櫃直營20.04% (2016年),2018-01-18,23.35,19.4164,38.4051,39000.0
5907,大洋-KY,專櫃聯營53.12%、租金及其他26.85%、專櫃直營20.04% (2016年),2018-01-17,23.25,25.5531,47.8995,40000.0
5907,大洋-KY,專櫃聯營53.12%、租金及其他26.85%、專櫃直營20.04% (2016年),2018-01-16,23.3,38.3297,59.0727,16000.0
5907,大洋-KY,專櫃聯營53.12%、租金及其他26.85%、專櫃直營20.04% (2016年),2018-01-15,23.8,57.4945,69.4441,-19000.0
5907,大洋-KY,專櫃聯營53.12%、租金及其他26.85%、專櫃直營20.04% (2016年),2018-01-12,24.1,69.5752,75.4189,
5907,大洋-KY,專櫃聯營53.12%、租金及其他26.85%、專櫃直營20.04% (2016年),2018-01-11,24.3,76.9434,78.3408,
5907,大洋-KY,專櫃聯營53.12%、租金及其他26.85%、專櫃直營20.04% (2016年),2017-11-16(LOWEST),20.15,8.62128,19.0417
5907,大洋-KY,專櫃聯營53.12%、租金及其他26.85%、專櫃直營20.04% (2016年),2012-06-06 上市

6442,光聖,光通訊產品67.20%、高頻連接線32.80% (2016年),2018-01-30,42.35,22.9341,27.146,,https://tw.stock.yahoo.com/q/ta?s=6442&tech_submit=%ACd+%B8%DF
6442,光聖,光通訊產品67.20%、高頻連接線32.80% (2016年),2018-01-29,42.15,14.4012,29.252,16000.0
6442,光聖,光通訊產品67.20%、高頻連接線32.80% (2016年),2018-01-26,42.05,17.7557,36.6774,23124.0
6442,光聖,光通訊產品67.20%、高頻連接線32.80% (2016年),2018-01-25,42.1,26.6335,46.1382,22000.0
6442,光聖,光通訊產品67.20%、高頻連接線32.80% (2016年),2018-01-24,42.3,39.9503,55.8906,49000.0
6442,光聖,光通訊產品67.20%、高頻連接線32.80% (2016年),2018-01-23,42.2,55.5776,63.8608,19000.0
6442,光聖,光通訊產品67.20%、高頻連接線32.80% (2016年),2018-01-22,42.25,64.4474,68.0024,5000.0
6442,光聖,光通訊產品67.20%、高頻連接線32.80% (2016年),2018-01-19,42.55,73.5004,69.7798,22000.0
6442,光聖,光通訊產品67.20%、高頻連接線32.80% (2016年),2018-01-18,42.8,79.7628,67.9195,14000.0
6442,光聖,光通訊產品67.20%、高頻連接線32.80% (2016年),2018-01-17,43.35,83.0589,61.9979,58000.0
6442,光聖,光通訊產品67.20%、高頻連接線32.80% (2016年),2018-01-16,42.5,74.5883,51.4673,29000.0
6442,光聖,光通訊產品67.20%、高頻連接線32.80% (2016年),2018-01-15,42.5,61.8825,39.9068,10000.0
6442,光聖,光通訊產品67.20%、高頻連接線32.80% (2016年),2018-01-12,42.5,42.8238,28.919,
6442,光聖,光通訊產品67.20%、高頻連接線32.80% (2016年),2018-01-11,41.5,14.2357,21.9666,
6442,光聖,光通訊產品67.20%、高頻連接線32.80% (2016年),2017-08-16(LOWEST),40.0,12.7782,30.0439
6442,光聖,光通訊產品67.20%、高頻連接線32.80% (2016年),2015-07-14 上市

6443,元晶,太陽能電池93.27%、太陽能模組5.58%、其他營業1.14% (2016年),2018-01-30,9.96,6.9292,17.0169,,https://tw.stock.yahoo.com/q/ta?s=6443&tech_submit=%ACd+%B8%DF
6443,元晶,太陽能電池93.27%、太陽能模組5.58%、其他營業1.14% (2016年),2018-01-29,10.0,10.3938,22.0608,-160000.0
6443,元晶,太陽能電池93.27%、太陽能模組5.58%、其他營業1.14% (2016年),2018-01-26,10.05,15.5907,27.8944,-96000.0
6443,元晶,太陽能電池93.27%、太陽能模組5.58%、其他營業1.14% (2016年),2018-01-25,10.05,23.386,34.0462,18000.0
6443,元晶,太陽能電池93.27%、太陽能模組5.58%、其他營業1.14% (2016年),2018-01-24,10.1,35.079,39.3764,107815.0
6443,元晶,太陽能電池93.27%、太陽能模組5.58%、其他營業1.14% (2016年),2018-01-23,10.15,45.4756,41.5251,-100000.0
6443,元晶,太陽能電池93.27%、太陽能模組5.58%、其他營業1.14% (2016年),2018-01-22,10.4,53.9277,39.5498,175000.0
6443,元晶,太陽能電池93.27%、太陽能模組5.58%、其他營業1.14% (2016年),2018-01-19,10.05,30.8916,32.3608,257000.0
6443,元晶,太陽能電池93.27%、太陽能模組5.58%、其他營業1.14% (2016年),2018-01-18,10.15,46.3374,33.0954,50000.0
6443,元晶,太陽能電池93.27%、太陽能模組5.58%、其他營業1.14% (2016年),2018-01-17,10.2,36.1728,26.4744,190000.0
6443,元晶,太陽能電池93.27%、太陽能模組5.58%、其他營業1.14% (2016年),2018-01-16,10.2,29.2591,21.6252,141000.0
6443,元晶,太陽能電池93.27%、太陽能模組5.58%、其他營業1.14% (2016年),2018-01-15,10.1,18.8887,17.8082,51000.0
6443,元晶,太陽能電池93.27%、太陽能模組5.58%、其他營業1.14% (2016年),2018-01-12,10.15,19.9997,17.2679,
6443,元晶,太陽能電池93.27%、太陽能模組5.58%、其他營業1.14% (2016年),2018-01-11,10.1,13.3329,15.902,
6443,元晶,太陽能電池93.27%、太陽能模組5.58%、其他營業1.14% (2016年),2016-11-17(LOWEST),8.83,3.25426,6.73748
6443,元晶,太陽能電池93.27%、太陽能模組5.58%、其他營業1.14% (2016年),2015-10-01 上市

6581,鋼聯,,2018-01-30,114.0,0.0,0.0,793000.0,https://tw.stock.yahoo.com/q/ta?s=6581&tech_submit=%ACd+%B8%DF
6581,鋼聯,,2018-01-30(LOWEST),114.0,0.0,0.0
6581,鋼聯,,2018-01-30 上市

8429,金麗-KY,休閒鞋56.27%、服飾(含牛仔服飾)42.89%、配件0.69%、化妝品0.14% (2016年),2018-01-30,23.75,0.430152,2.05508,,https://tw.stock.yahoo.com/q/ta?s=8429&tech_submit=%ACd+%B8%DF
8429,金麗-KY,休閒鞋56.27%、服飾(含牛仔服飾)42.89%、配件0.69%、化妝品0.14% (2016年),2018-01-29,23.85,0.645228,2.86755,-8000.0
8429,金麗-KY,休閒鞋56.27%、服飾(含牛仔服飾)42.89%、配件0.69%、化妝品0.14% (2016年),2018-01-26,23.95,0.967841,3.97871,4000.0
8429,金麗-KY,休閒鞋56.27%、服飾(含牛仔服飾)42.89%、配件0.69%、化妝品0.14% (2016年),2018-01-25,24.0,1.45176,5.48414,-14000.0
8429,金麗-KY,休閒鞋56.27%、服飾(含牛仔服飾)42.89%、配件0.69%、化妝品0.14% (2016年),2018-01-24,24.05,2.17764,7.50033,-13660.0
8429,金麗-KY,休閒鞋56.27%、服飾(含牛仔服飾)42.89%、配件0.69%、化妝品0.14% (2016年),2018-01-23,24.05,3.26646,10.1617,-3000.0
8429,金麗-KY,休閒鞋56.27%、服飾(含牛仔服飾)42.89%、配件0.69%、化妝品0.14% (2016年),2018-01-22,24.05,4.8997,13.6093,-5532.0
8429,金麗-KY,休閒鞋56.27%、服飾(含牛仔服飾)42.89%、配件0.69%、化妝品0.14% (2016年),2018-01-19,24.1,7.34955,17.9641,-61000.0
8429,金麗-KY,休閒鞋56.27%、服飾(含牛仔服飾)42.89%、配件0.69%、化妝品0.14% (2016年),2018-01-18,24.55,11.0243,23.2713,-34000.0
8429,金麗-KY,休閒鞋56.27%、服飾(含牛仔服飾)42.89%、配件0.69%、化妝品0.14% (2016年),2018-01-17,24.45,12.8328,29.3948,41000.0
8429,金麗-KY,休閒鞋56.27%、服飾(含牛仔服飾)42.89%、配件0.69%、化妝品0.14% (2016年),2018-01-16,24.5,19.2492,37.6759,-16000.0
8429,金麗-KY,休閒鞋56.27%、服飾(含牛仔服飾)42.89%、配件0.69%、化妝品0.14% (2016年),2018-01-15,24.55,28.8737,46.8892,-5000.0
8429,金麗-KY,休閒鞋56.27%、服飾(含牛仔服飾)42.89%、配件0.69%、化妝品0.14% (2016年),2018-01-12,24.7,43.3106,55.897,
8429,金麗-KY,休閒鞋56.27%、服飾(含牛仔服飾)42.89%、配件0.69%、化妝品0.14% (2016年),2018-01-11,24.65,53.7414,62.1902,
8429,金麗-KY,休閒鞋56.27%、服飾(含牛仔服飾)42.89%、配件0.69%、化妝品0.14% (2016年),2017-12-27(LOWEST),23.65,21.155,29.5492
8429,金麗-KY,休閒鞋56.27%、服飾(含牛仔服飾)42.89%、配件0.69%、化妝品0.14% (2016年),2012-12-20 上市

8466,美吉吉-KY,塑膠地板100.00% (2016年),2018-01-30,86.5,6.46436,17.4532,-22000.0,https://tw.stock.yahoo.com/q/ta?s=8466&tech_submit=%ACd+%B8%DF
8466,美吉吉-KY,塑膠地板100.00% (2016年),2018-01-29,88.9,9.69654,22.9476,-49000.0
8466,美吉吉-KY,塑膠地板100.00% (2016年),2018-01-26,90.0,14.5448,29.5731,2000.0
8466,美吉吉-KY,塑膠地板100.00% (2016年),2018-01-25,90.2,21.8172,37.0873,-52000.0
8466,美吉吉-KY,塑膠地板100.00% (2016年),2018-01-24,90.8,32.7258,44.7223,0.0
8466,美吉吉-KY,塑膠地板100.00% (2016年),2018-01-23,91.1,49.0887,50.7205,0.0
8466,美吉吉-KY,塑膠地板100.00% (2016年),2018-01-22,91.4,63.6331,51.5364,-5000.0
8466,美吉吉-KY,塑膠地板100.00% (2016年),2018-01-19,91.2,55.4496,45.4881,
8466,美吉吉-KY,塑膠地板100.00% (2016年),2018-01-18,91.5,63.1744,40.5073,12000.0
8466,美吉吉-KY,塑膠地板100.00% (2016年),2018-01-17,91.4,44.7616,29.1738,4000.0
8466,美吉吉-KY,塑膠地板100.00% (2016年),2018-01-16,91.3,27.1424,21.3799,3000.0
8466,美吉吉-KY,塑膠地板100.00% (2016年),2018-01-15,91.1,15.7136,18.4986,20000.0
8466,美吉吉-KY,塑膠地板100.00% (2016年),2018-01-12,91.1,15.2371,19.8911,
8466,美吉吉-KY,塑膠地板100.00% (2016年),2018-01-11,91.0,14.5223,22.2182,
8466,美吉吉-KY,塑膠地板100.00% (2016年),2018-01-30(LOWEST),86.5,6.46436,17.4532
8466,美吉吉-KY,塑膠地板100.00% (2016年),2016-11-01 上市

8478,東哥,自製70呎以上遊艇81.50%、銷售零配件及二手仲介船12.27%、在美國代理之其他品牌遊艇6.23% (2016年),2018-01-30,71.5,19.7517,16.0558,,https://tw.stock.yahoo.com/q/ta?s=8478&tech_submit=%ACd+%B8%DF
8478,東哥,自製70呎以上遊艇81.50%、銷售零配件及二手仲介船12.27%、在美國代理之其他品牌遊艇6.23% (2016年),2018-01-29,74.3,29.6275,14.2078,12000.0
8478,東哥,自製70呎以上遊艇81.50%、銷售零配件及二手仲介船12.27%、在美國代理之其他品牌遊艇6.23% (2016年),2018-01-26,72.5,5.15548,6.49793,4000.0
8478,東哥,自製70呎以上遊艇81.50%、銷售零配件及二手仲介船12.27%、在美國代理之其他品牌遊艇6.23% (2016年),2018-01-25,72.1,2.17767,7.16916,8000.0
8478,東哥,自製70呎以上遊艇81.50%、銷售零配件及二手仲介船12.27%、在美國代理之其他品牌遊艇6.23% (2016年),2018-01-24,72.9,3.2665,9.6649,
8478,東哥,自製70呎以上遊艇81.50%、銷售零配件及二手仲介船12.27%、在美國代理之其他品牌遊艇6.23% (2016年),2018-01-23,74.0,4.89975,12.8641,
8478,東哥,自製70呎以上遊艇81.50%、銷售零配件及二手仲介船12.27%、在美國代理之其他品牌遊艇6.23% (2016年),2018-01-22,74.1,7.34962,16.8463,
8478,東哥,自製70呎以上遊艇81.50%、銷售零配件及二手仲介船12.27%、在美國代理之其他品牌遊艇6.23% (2016年),2018-01-19,74.7,11.0244,21.5946,
8478,東哥,自製70呎以上遊艇81.50%、銷售零配件及二手仲介船12.27%、在美國代理之其他品牌遊艇6.23% (2016年),2018-01-18,74.9,16.5366,26.8797,
8478,東哥,自製70呎以上遊艇81.50%、銷售零配件及二手仲介船12.27%、在美國代理之其他品牌遊艇6.23% (2016年),2018-01-17,74.8,24.0474,32.0512,
8478,東哥,自製70呎以上遊艇81.50%、銷售零配件及二手仲介船12.27%、在美國代理之其他品牌遊艇6.23% (2016年),2018-01-16,75.7,30.6657,36.0531,
8478,東哥,自製70呎以上遊艇81.50%、銷售零配件及二手仲介船12.27%、在美國代理之其他品牌遊艇6.23% (2016年),2018-01-15,75.6,34.512,38.7468,
8478,東哥,自製70呎以上遊艇81.50%、銷售零配件及二手仲介船12.27%、在美國代理之其他品牌遊艇6.23% (2016年),2018-01-12,76.5,40.9573,40.8643,
8478,東哥,自製70呎以上遊艇81.50%、銷售零配件及二手仲介船12.27%、在美國代理之其他品牌遊艇6.23% (2016年),2018-01-11,76.3,44.544,40.8178,
8478,東哥,自製70呎以上遊艇81.50%、銷售零配件及二手仲介船12.27%、在美國代理之其他品牌遊艇6.23% (2016年),2017-12-12(LOWEST),68.0,0.0,0.0
8478,東哥,自製70呎以上遊艇81.50%、銷售零配件及二手仲介船12.27%、在美國代理之其他品牌遊艇6.23% (2016年),2017-12-11 上市

8488,吉源-KY,馬口鐵罐76.91%、鋁罐23.09% (2016年),2018-01-30,29.95,7.07073,12.6002,,https://tw.stock.yahoo.com/q/ta?s=8488&tech_submit=%ACd+%B8%DF
8488,吉源-KY,馬口鐵罐76.91%、鋁罐23.09% (2016年),2018-01-29,29.95,10.6061,15.365,
8488,吉源-KY,馬口鐵罐76.91%、鋁罐23.09% (2016年),2018-01-26,30.1,15.9091,17.7445,
8488,吉源-KY,馬口鐵罐76.91%、鋁罐23.09% (2016年),2018-01-25,30.1,17.9813,18.6622,3000.0
8488,吉源-KY,馬口鐵罐76.91%、鋁罐23.09% (2016年),2018-01-24,30.05,21.0896,19.0026,2000.0
8488,吉源-KY,馬口鐵罐76.91%、鋁罐23.09% (2016年),2018-01-23,30.6,28.6933,17.9591,3000.0
8488,吉源-KY,馬口鐵罐76.91%、鋁罐23.09% (2016年),2018-01-22,30.0,7.74582,12.5919,
8488,吉源-KY,馬口鐵罐76.91%、鋁罐23.09% (2016年),2018-01-19,30.1,11.6187,15.015,
8488,吉源-KY,馬口鐵罐76.91%、鋁罐23.09% (2016年),2018-01-18,30.2,17.4281,16.7132,
8488,吉源-KY,馬口鐵罐76.91%、鋁罐23.09% (2016年),2018-01-17,30.85,23.9682,16.3557,9000.0
8488,吉源-KY,馬口鐵罐76.91%、鋁罐23.09% (2016年),2018-01-16,30.15,5.51756,12.5494,3000.0
8488,吉源-KY,馬口鐵罐76.91%、鋁罐23.09% (2016年),2018-01-15,30.15,8.27633,16.0654,
8488,吉源-KY,馬口鐵罐76.91%、鋁罐23.09% (2016年),2018-01-12,30.5,12.4145,19.9599,
8488,吉源-KY,馬口鐵罐76.91%、鋁罐23.09% (2016年),2018-01-11,30.15,9.16229,23.7325,
8488,吉源-KY,馬口鐵罐76.91%、鋁罐23.09% (2016年),2017-12-13(LOWEST),29.35,32.7098,47.35
8488,吉源-KY,馬口鐵罐76.91%、鋁罐23.09% (2016年),2016-12-13 上市

8499,鼎炫-KY,電子材料53.01%、電子衡器44.41%、其他2.58% (2016年),2018-01-30,89.0,7.11733,9.34571,,https://tw.stock.yahoo.com/q/ta?s=8499&tech_submit=%ACd+%B8%DF
8499,鼎炫-KY,電子材料53.01%、電子衡器44.41%、其他2.58% (2016年),2018-01-29,91.5,10.676,10.4599,
8499,鼎炫-KY,電子材料53.01%、電子衡器44.41%、其他2.58% (2016年),2018-01-26,90.3,5.66919,10.3519,11000.0
8499,鼎炫-KY,電子材料53.01%、電子衡器44.41%、其他2.58% (2016年),2018-01-25,91.0,8.50379,12.6933,4000.0
8499,鼎炫-KY,電子材料53.01%、電子衡器44.41%、其他2.58% (2016年),2018-01-24,92.5,12.7557,14.788,2000.0
8499,鼎炫-KY,電子材料53.01%、電子衡器44.41%、其他2.58% (2016年),2018-01-23,94.0,19.1335,15.8042,3000.0
8499,鼎炫-KY,電子材料53.01%、電子衡器44.41%、其他2.58% (2016年),2018-01-22,93.2,13.3942,14.1395,
8499,鼎炫-KY,電子材料53.01%、電子衡器44.41%、其他2.58% (2016年),2018-01-19,95.0,16.407,14.5121,
8499,鼎炫-KY,電子材料53.01%、電子衡器44.41%、其他2.58% (2016年),2018-01-18,94.5,13.741,13.5647,-2000.0
8499,鼎炫-KY,電子材料53.01%、電子衡器44.41%、其他2.58% (2016年),2018-01-17,96.1,14.3615,13.4765,7000.0
8499,鼎炫-KY,電子材料53.01%、電子衡器44.41%、其他2.58% (2016年),2018-01-16,95.2,10.2923,13.034,-1000.0
8499,鼎炫-KY,電子材料53.01%、電子衡器44.41%、其他2.58% (2016年),2018-01-15,92.5,7.00088,14.4049,17000.0
8499,鼎炫-KY,電子材料53.01%、電子衡器44.41%、其他2.58% (2016年),2018-01-12,97.4,10.5013,18.1069,
8499,鼎炫-KY,電子材料53.01%、電子衡器44.41%、其他2.58% (2016年),2018-01-11,97.4,15.752,21.9096,
8499,鼎炫-KY,電子材料53.01%、電子衡器44.41%、其他2.58% (2016年),2018-01-30(LOWEST),89.0,7.11733,9.34571
8499,鼎炫-KY,電子材料53.01%、電子衡器44.41%、其他2.58% (2016年),2017-11-24 上市

9103,美德醫療-DR,製造74.30%、醫院服務20.66%、買賣及其他5.04% (2016年),2018-01-30,1.47,12.2636,19.8327,,https://tw.stock.yahoo.com/q/ta?s=9103&tech_submit=%ACd+%B8%DF
9103,美德醫療-DR,製造74.30%、醫院服務20.66%、買賣及其他5.04% (2016年),2018-01-29,1.46,10.0621,23.6173,
9103,美德醫療-DR,製造74.30%、醫院服務20.66%、買賣及其他5.04% (2016年),2018-01-26,1.46,15.0931,30.3949,
9103,美德醫療-DR,製造74.30%、醫院服務20.66%、買賣及其他5.04% (2016年),2018-01-25,1.47,22.6396,38.0459,
9103,美德醫療-DR,製造74.30%、醫院服務20.66%、買賣及其他5.04% (2016年),2018-01-24,1.49,33.9594,45.749,
9103,美德醫療-DR,製造74.30%、醫院服務20.66%、買賣及其他5.04% (2016年),2018-01-23,1.47,30.9392,51.6437,
9103,美德醫療-DR,製造74.30%、醫院服務20.66%、買賣及其他5.04% (2016年),2018-01-22,1.48,46.4088,61.996,
9103,美德醫療-DR,製造74.30%、醫院服務20.66%、買賣及其他5.04% (2016年),2018-01-19,1.51,69.6131,69.7896,
9103,美德醫療-DR,製造74.30%、醫院服務20.66%、買賣及其他5.04% (2016年),2018-01-18,1.52,71.0864,69.8779,
9103,美德醫療-DR,製造74.30%、醫院服務20.66%、買賣及其他5.04% (2016年),2018-01-17,1.52,69.1296,69.2737,
9103,美德醫療-DR,製造74.30%、醫院服務20.66%、買賣及其他5.04% (2016年),2018-01-16,1.51,66.1944,69.3457,
9103,美德醫療-DR,製造74.30%、醫院服務20.66%、買賣及其他5.04% (2016年),2018-01-15,1.51,65.9582,70.9214,-10000.0
9103,美德醫療-DR,製造74.30%、醫院服務20.66%、買賣及其他5.04% (2016年),2018-01-12,1.5,65.604,73.403,
9103,美德醫療-DR,製造74.30%、醫院服務20.66%、買賣及其他5.04% (2016年),2018-01-11,1.49,73.406,77.3025,
9103,美德醫療-DR,製造74.30%、醫院服務20.66%、買賣及其他5.04% (2016年),2017-04-24(LOWEST),1.31,0.532309,2.28498
9103,美德醫療-DR,製造74.30%、醫院服務20.66%、買賣及其他5.04% (2016年),2002-12-13 上市

9110,越南控-DR,摩托車84.08%、零件及引擎15.88%、模具及維修0.04% (2016年),2018-01-30,3.3,10.0957,10.5444,,https://tw.stock.yahoo.com/q/ta?s=9110&tech_submit=%ACd+%B8%DF
9110,越南控-DR,摩托車84.08%、零件及引擎15.88%、模具及維修0.04% (2016年),2018-01-29,3.29,6.8102,10.7687,
9110,越南控-DR,摩托車84.08%、零件及引擎15.88%、模具及維修0.04% (2016年),2018-01-26,3.35,10.2153,12.748,
9110,越南控-DR,摩托車84.08%、零件及引擎15.88%、模具及維修0.04% (2016年),2018-01-25,3.3,5.32294,14.0143,
9110,越南控-DR,摩托車84.08%、零件及引擎15.88%、模具及維修0.04% (2016年),2018-01-24,3.3,7.98441,18.36,
9110,越南控-DR,摩托車84.08%、零件及引擎15.88%、模具及維修0.04% (2016年),2018-01-23,3.3,11.9766,23.5478,
9110,越南控-DR,摩托車84.08%、零件及引擎15.88%、模具及維修0.04% (2016年),2018-01-22,3.32,17.9649,29.3334,
9110,越南控-DR,摩托車84.08%、零件及引擎15.88%、模具及維修0.04% (2016年),2018-01-19,3.31,24.8641,35.0177,
9110,越南控-DR,摩托車84.08%、零件及引擎15.88%、模具及維修0.04% (2016年),2018-01-18,3.35,37.2961,40.0945,
9110,越南控-DR,摩托車84.08%、零件及引擎15.88%、模具及維修0.04% (2016年),2018-01-17,3.55,55.9441,41.4937,
9110,越南控-DR,摩托車84.08%、零件及引擎15.88%、模具及維修0.04% (2016年),2018-01-16,3.39,33.9162,34.2685,
9110,越南控-DR,摩托車84.08%、零件及引擎15.88%、模具及維修0.04% (2016年),2018-01-15,3.54,50.8743,34.4446,
9110,越南控-DR,摩托車84.08%、零件及引擎15.88%、模具及維修0.04% (2016年),2018-01-12,3.5,26.3115,26.2298,
9110,越南控-DR,摩托車84.08%、零件及引擎15.88%、模具及維修0.04% (2016年),2018-01-11,3.48,23.5581,26.1889,
9110,越南控-DR,摩托車84.08%、零件及引擎15.88%、模具及維修0.04% (2016年),2018-01-29(LOWEST),3.29,6.8102,10.7687
9110,越南控-DR,摩托車84.08%、零件及引擎15.88%、模具及維修0.04% (2016年),2009-12-03 上市

911868,同方友友-DR,,2018-01-30,1.33,6.13351,7.9275,,https://tw.stock.yahoo.com/q/ta?s=911868&tech_submit=%ACd+%B8%DF
911868,同方友友-DR,,2018-01-29,1.34,9.20026,8.8245,-1000.0
911868,同方友友-DR,,2018-01-26,1.34,8.24483,8.63663,-5000.0
911868,同方友友-DR,,2018-01-25,1.33,6.81169,8.83252,-80000.0
911868,同方友友-DR,,2018-01-24,1.36,10.2175,9.84294,-5000.0
911868,同方友友-DR,,2018-01-23,1.36,8.18345,9.65564,-10000.0
911868,同方友友-DR,,2018-01-22,1.36,7.72971,10.3917,-1000.0
911868,同方友友-DR,,2018-01-19,1.35,8.02314,11.7227,-6000.0
911868,同方友友-DR,,2018-01-18,1.41,12.0347,13.5726,
911868,同方友友-DR,,2018-01-17,1.42,12.4965,14.3415,
911868,同方友友-DR,,2018-01-16,1.4,7.63367,15.2639,8000.0
911868,同方友友-DR,,2018-01-15,1.4,11.4505,19.0791,5000.0
911868,同方友友-DR,,2018-01-12,1.4,17.1757,22.8934,
911868,同方友友-DR,,2018-01-11,1.46,25.7636,25.7522,
911868,同方友友-DR,,2018-01-30(LOWEST),1.33,6.13351,7.9275
911868,同方友友-DR,,2009-12-22 上市

