id,word
1,abiding
2,accessible
3,accommodating
4,accomplished
5,accountable
6,active
7,adaptable
8,admirable
9,adorable
10,adroit
11,affable
12,affectionate
13,affirmative
14,agile
15,agreeable
16,airy
17,alive
18,alluring
19,altruistic
20,amazing
21,ambitious
22,amiable
23,amicable
24,amorous
25,appreciative
26,approachable
27,appropriate
28,artistic
29,assured
30,astute
31,athletic
32,attentive
33,attractive
34,authentic
35,authoritative
36,autonomous
37,awesome
38,balanced
39,beautiful
40,believable
41,beneficent
42,benevolent
43,benign
44,big
45,blessed
46,blissful
47,bold
48,brainy
49,brave
50,bright
51,brilliant
52,calm
53,candid
54,captivating
55,caring
56,casual
57,cerebral
58,charitable
59,charming
60,chaste
61,chatty
62,cheerful
63,chic
64,civil
65,clearheaded
66,cognizant
67,colorful
68,comedic
69,comely
70,comfortable
71,commendable
72,companionable
73,compassionate
74,compatible
75,competent
76,complex
77,conciliatory
78,concise
79,confident
80,congenial
81,considerate
82,consistent
83,constant
84,consummate
85,content
86,convincing
87,convivial
88,convulsive
89,cordial
90,courageous
91,courteous
92,cozy
93,creative
94,credible
95,cute
96,daring
97,decent
98,decisive
99,dedicated
100,deep
101,defined
102,delectable
103,deliberate
104,delightful
105,democratic
106,dependable
107,deserving
108,desirable
109,determined
110,devoted
111,dignified
112,diligent
113,diplomatic
114,direct
115,disarming
116,discerning
117,discrete
118,discriminating
119,distinctive
120,dutiful
121,earnest
122,easy
123,ecstatic
124,efficient
125,elated
126,elegant
127,eloquent
128,enchanted
129,encouraging
130,energetic
131,engaging
132,enlightened
133,enterprising
134,entertaining
135,enthusiastic
136,established
137,ethical
138,even
139,exact
140,excellent
141,extraordinary
142,exultant
143,fabulous
144,fair
145,faithful
146,fantastic
147,fascinating
148,fashionable
149,felicitous
150,fertile
151,fine
152,flexible
153,focused
154,forbearing
155,forgiving
156,forthright
157,free
158,fruitful
159,fun
160,funny
161,gallant
162,generous
163,genial
164,gentile
165,gentle
166,genuine
167,glad
168,gleeful
169,godly
170,going
171,good
172,goodhearted
173,gorgeous
174,gracious
175,grand
176,grateful
177,great
178,gregarious
179,grounded
180,handy
181,happy
182,hardy
183,harmonious
184,healthy
185,hearted
186,heavenly
187,heedful
188,helpful
189,heroic
190,hilarious
191,hopeful
192,hospitable
193,humorous
194,imaginative
195,immaculate
196,impartial
197,important
198,impressive
199,independent
200,industrious
201,influential
202,ingenious
203,innocent
204,inspired
205,intelligent
206,intuitive
207,inventive
208,jolly
209,joyful
210,jubilant
211,just
212,keen
213,kissable
214,knowledgeable
215,laudable
216,law
217,learned
218,lenient
219,liberal
220,light
221,likeable
222,lively
223,logical
224,looking
225,lovely
226,loyal
227,lucid
228,lucky
229,luminous
230,magnetic
231,mannered
232,masterly
233,mature
234,merciful
235,meritorious
236,merry
237,mild
238,minded
239,mindful
240,moderate
241,modest
242,moral
243,natural
244,natured
245,neighborly
246,nice
247,nimble
248,noble
249,nourishing
250,open
251,openhanded
252,original
253,passionate
254,peaceful
255,perfect
256,personable
257,persuasive
258,philanthropic
259,philosophical
260,playful
261,pleasant
262,poetic
263,polished
264,positive
265,powerful
266,practical
267,pragmatic
268,precious
269,priceless
270,privileged
271,productive
272,professional
273,profound
274,progressive
275,prolific
276,prompt
277,proper
278,provident
279,prudent
280,punctual
281,purposeful
282,radiant
283,ready
284,real
285,reasonable
286,receptive
287,refined
288,reflective
289,rejoicing
290,relaxed
291,reliable
292,reliant
293,remarkable
294,reposed
295,resolute
296,respectful
297,resplendent
298,responsible
299,responsive
300,restrained
301,reverent
302,rich
303,right
304,righteous
305,robust
306,romantic
307,rosy
308,rounded
309,sagacious
310,saintly
311,satisfied
312,scholarly
313,seemly
314,self
315,sensible
316,sensual
317,sentimental
318,serene
319,sexy
320,sharp
321,shrewd
322,sincere
323,smooth
324,sociable
325,soft
326,solid
327,sophisticated
328,soulful
329,sparkling
330,special
331,speedy
332,spirited
333,spiritual
334,splendid
335,spoken
336,spontaneous
337,sprite
338,spry
339,stable
340,steady
341,strong
342,studious
343,stylish
344,suave
345,sublime
346,subtle
347,successful
348,sunny
349,superb
350,sweet
351,swell
352,sympathetic
353,systematic
354,tempered
355,tender
356,terrific
357,thankful
358,thorough
359,thoughtful
360,thrifty
361,tidy
362,tolerant
363,tough
364,tranquil
365,truthful
366,understanding
367,unique
368,upright
369,valiant
370,versatile
371,vigorous
372,virtuous
373,visionary
374,vivacious
375,warm
376,well
377,whimsical
378,willing
379,winsome
380,wise
381,witty
382,wonderful
383,worldly
384,worthy
